ğŸ‘€,eyes
ğŸ™Œ,raised_hands
ğŸ™,pray
â•,heavy_plus_sign
ğŸ‘,clap
ğŸ’¡,bulb
ğŸ¯,dart
ğŸ‘‹,wave
ğŸ‘,thumbsup
ğŸ‰,tada
ğŸ“£,mega
âšª,white_circle
ğŸ”µ,large_blue_circle
ğŸ”´,red_circle
ğŸ˜,joy
ğŸ¤£,rolling_on_the_floor_laughing
ğŸ˜ƒ,smiley
ğŸ˜Š,smile
ğŸ˜…,sweat_smile
ğŸ˜‰,wink
ğŸ˜³,blush
ğŸ˜‹,yum
ğŸ˜,sunglasses
ğŸ˜,heart_eyes
ğŸ˜˜,kissing_heart
ğŸ˜—,kissing
ğŸ˜™,kissing_smiling_eyes
ğŸ˜š,kissing_closed_eyes
ğŸ˜Œ,relaxed
ğŸ™‚,slightly_smiling_face
ğŸ¤—,hugging_face
ğŸ¤©,star-struck
ğŸ¤”,thinking_face
ğŸ¤¨,face_with_raised_eyebrow
ğŸ˜,neutral_face
ğŸ˜‘,expressionless
ğŸ˜¶,no_mouth
ğŸ™„,face_with_rolling_eyes
ğŸ˜,smirk
ğŸ˜£,persevere
ğŸ˜¥,disappointed_relieved
ğŸ˜®,open_mouth
ğŸ¤,zipper_mouth_face
ğŸ˜¯,hushed
ğŸ˜´,sleepy
ğŸ˜«,tired_face
ğŸ˜´,sleeping
ğŸ˜Œ,relieved
ğŸ˜›,stuck_out_tongue
ğŸ˜œ,stuck_out_tongue_winking_eye
ğŸ˜,stuck_out_tongue_closed_eyes
ğŸ¤¤,drooling_face
ğŸ˜’,unamused
ğŸ˜“,sweat
ğŸ˜”,pensive
ğŸ˜•,confused
ğŸ™ƒ,upside_down_face
ğŸ¤‘,money_mouth_face
ğŸ˜²,astonished
â˜¹ï¸,white_frowning_face
ğŸ™,slightly_frowning_face
ğŸ˜–,confounded
ğŸ˜,disappointed
ğŸ˜Ÿ,worried
ğŸ˜¤,triumph
ğŸ˜¢,cry
ğŸ˜­,sob
ğŸ˜¦,frowning
ğŸ˜§,anguished
ğŸ˜¨,fearful
ğŸ˜©,weary
ğŸ¤¯,exploding_head
ğŸ˜¬,grimacing
ğŸ˜°,cold_sweat
ğŸ˜±,scream
ğŸ˜³,flushed
ğŸ¤ª,zany_face
ğŸ˜µ,dizzy_face
ğŸ˜¡,rage
ğŸ˜ ,angry
ğŸ¤¬,face_with_symbols_on_mouth
ğŸ˜·,mask
ğŸ¤’,face_with_thermometer
ğŸ¤•,face_with_head_bandage
ğŸ¤¢,nauseated_face
ğŸ¤®,face_vomiting
ğŸ¤§,sneezing_face
ğŸ˜‡,innocent
ğŸ¤ ,face_with_cowboy_hat
ğŸ¤¡,clown_face
ğŸ¤¥,lying_face
ğŸ¤«,shushing_face
ğŸ¤­,face_with_hand_over_mouth
ğŸ§,face_with_monocle
ğŸ¤“,nerd_face
ğŸ˜ˆ,smiling_imp
ğŸ‘¿,imp
ğŸ‘¹,japanese_ogre
ğŸ‘º,japanese_goblin
ğŸ’€,skull
â˜ ï¸,skull_and_crossbones
ğŸ‘»,ghost
ğŸ‘½,alien
ğŸ‘¾,space_invader
ğŸ¤–,robot_face
ğŸ’©,hankey
ğŸ˜º,smiley_cat
ğŸ˜¸,smile_cat
ğŸ˜¹,joy_cat
ğŸ˜»,heart_eyes_cat
ğŸ˜¼,smirk_cat
ğŸ˜½,kissing_cat
ğŸ™€,scream_cat
ğŸ˜¿,crying_cat_face
ğŸ˜¾,pouting_cat
ğŸ™ˆ,see_no_evil
ğŸ™‰,hear_no_evil
ğŸ™Š,speak_no_evil
ğŸ‘¶,baby
ğŸ§’,child
ğŸ‘¦,boy
ğŸ‘§,girl
ğŸ§‘,adult
ğŸ‘¨,man
ğŸ‘©,woman
ğŸ§“,older_adult
ğŸ‘´,older_man
ğŸ‘µ,older_woman
ğŸ‘¨â€âš•ï¸,male-doctor
ğŸ‘©â€âš•ï¸,female-doctor
ğŸ‘¨â€ğŸ“,male-student
ğŸ‘©â€ğŸ“,female-student
ğŸ‘¨â€ğŸ«,male-teacher
ğŸ‘©â€ğŸ«,male-teacher
ğŸ‘¨â€âš–ï¸,male-judge
ğŸ‘©â€âš–ï¸,female-judge
ğŸ‘¨â€ğŸŒ¾,male-farmer
ğŸ‘©â€ğŸŒ¾,female-farmer
ğŸ‘¨â€ğŸ³,male-cook
ğŸ‘©â€ğŸ³,female-cook
ğŸ‘¨â€ğŸ”§,male-mechanic
ğŸ‘©â€ğŸ”§,female-mechanic
ğŸ‘¨â€ğŸ­,male-factory-worker
ğŸ‘©â€ğŸ­,female-factory-worker
ğŸ‘¨ğŸ»â€ğŸ’¼,male-office-worker
ğŸ‘©ğŸ»â€ğŸ’¼,female-office-worker
ğŸ‘¨â€ğŸ”¬,male-scientist
ğŸ‘©â€ğŸ”¬,female-scientist
ğŸ‘¨â€ğŸ’»,male-technologist
ğŸ‘©â€ğŸ’»,female-technologist
ğŸ‘¨â€ğŸ¤,male-singer
ğŸ‘©â€ğŸ¤,female-singer
ğŸ‘¨â€ğŸ¨,male-artist
ğŸ‘©â€ğŸ¨,female-artist
ğŸ‘¨â€âœˆï¸,male-pilot
ğŸ‘©â€âœˆï¸,female-pilot
ğŸ‘¨â€ğŸš€,male-astronaut
ğŸ‘©â€ğŸš€,female-astronaut
ğŸ‘¨â€ğŸš’,male-firefighter
ğŸ‘©â€ğŸš’,female-firefighter
ğŸ‘®â€â™‚ï¸,male-police-officer
ğŸ‘®â€â™€ï¸,female-police-officer
ğŸ•µï¸â€â™‚ï¸,male-detective
ğŸ•µï¸â€â™€ï¸,female-detective
ğŸ’‚â€â™‚ï¸,male-guard
ğŸ’‚â€â™€ï¸,female-guard
ğŸ‘·â€â™‚ï¸,male-construction-worker
ğŸ‘·â€â™€ï¸,female-construction-worker
ğŸ¤´,prince
ğŸ‘¸,princess
ğŸ‘³â€â™‚ï¸,man-wearing-turban
ğŸ‘³â€â™€ï¸,woman-wearing-turban
ğŸ‘²,man_with_gua_pi_mao
ğŸ§•,person_with_headscarf
ğŸ§”,bearded_person
ğŸ‘±â€â™‚ï¸,blond-haired-man
ğŸ‘±â€â™€ï¸,blond-haired-woman
ğŸ¤µâ€â™‚ï¸,man_in_tuxedo
ğŸ‘°,bride_with_veil
ğŸ¤°,pregnant_woman
ğŸ¤±,breast-feeding
ğŸ‘¼,angel
ğŸ…,santa
ğŸ¤¶,mrs_claus
ğŸ§™â€â™€ï¸,female_mage
ğŸ§™â€â™‚ï¸,male_mage
ğŸ§šâ€â™€ï¸,female_fairy
ğŸ§šâ€â™‚ï¸,male_fairy
ğŸ§›â€â™€ï¸,female_vampire
ğŸ§›â€â™‚ï¸,male_vampire
ğŸ§œâ€â™€ï¸,mermaid
ğŸ§œâ€â™‚ï¸,merman
ğŸ§â€â™€ï¸,female_elf
ğŸ§â€â™‚ï¸,male_elf
ğŸ§â€â™€ï¸,female_genie
ğŸ§â€â™‚ï¸,male_genie
ğŸ§Ÿâ€â™€ï¸,female_zombie
ğŸ§Ÿâ€â™‚ï¸,male_zombie
ğŸ™â€â™‚ï¸,man-frowning
ğŸ™â€â™€ï¸,woman-frowning
ğŸ™â€â™‚ï¸,man-pouting
ğŸ™â€â™€ï¸,woman-pouting
ğŸ™…â€â™‚ï¸,man-gesturing-no
ğŸ™…â€â™€ï¸,woman-gesturing-no
ğŸ™†â€â™‚ï¸,man-gesturing-ok
ğŸ™†â€â™€ï¸,woman-gesturing-ok
ğŸ’â€â™‚ï¸,man-tipping-hand
ğŸ’â€â™€ï¸,woman-tipping-hand
ğŸ™‹â€â™‚ï¸,man-raising-hand
ğŸ™‹â€â™€ï¸,woman-raising-hand
ğŸ™‡â€â™‚ï¸,man-bowing
ğŸ™‡â€â™€ï¸,woman-bowing
ğŸ¤¦â€â™‚ï¸,man-facepalming
ğŸ¤¦â€â™€ï¸,woman-facepalming
ğŸ¤·â€â™‚ï¸,man-shrugging
ğŸ¤·â€â™€ï¸,woman-shrugging
ğŸ’†â€â™‚ï¸,man-getting-massage
ğŸ’†â€â™€ï¸,woman-getting-massage
ğŸ’‡â€â™‚ï¸,man-getting-haircut
ğŸ’‡â€â™€ï¸,woman-getting-haircut
ğŸš¶â€â™‚ï¸,man-walking
ğŸš¶â€â™€ï¸,woman-walking
ğŸƒâ€â™‚ï¸,man-running
ğŸƒâ€â™€ï¸,woman-running
ğŸ’ƒ,dancer
ğŸ•º,man_dancing
ğŸ‘¯â€â™‚ï¸,man-with-bunny-ears-partying
ğŸ‘¯â€â™€ï¸,woman-with-bunny-ears-partying
ğŸ§–â€â™€ï¸,woman_in_steamy_room
ğŸ§–â€â™‚ï¸,man_in_steamy_room
ğŸ§—â€â™€ï¸,woman_climbing
ğŸ§—â€â™‚ï¸,man_climbing
ğŸ§˜â€â™€ï¸,woman_in_lotus_position
ğŸ§˜â€â™‚ï¸,man_in_lotus_position
ğŸ›€,bath
ğŸ›Œ,sleeping_accommodation
â˜€ï¸,sunny
â˜‚ï¸,umbrella
â˜ï¸,cloud
â„ï¸,snowflake
â˜ƒï¸,snowman
âš¡,zap
ğŸŒ€,cyclone
ğŸŒ,foggy
ğŸŒŠ,ocean
ğŸˆ,cat
ğŸ•,dog
ğŸ,mouse
ğŸ¹,hamster
ğŸ‡,rabbit
ğŸº,wolf
ğŸ¸,frog
ğŸ…,tiger
ğŸ¨,koala
ğŸ»,bear
ğŸ–,pig
ğŸ½,pig_nose
ğŸ„,cow
ğŸ—,boar
ğŸµ,monkey_face
ğŸ’,monkey
ğŸ,horse
ğŸ‡,racehorse
ğŸª,camel
ğŸ‘,sheep
ğŸ˜,elephant
ğŸ¼,panda_face
ğŸ,snake
ğŸ¦,bird
ğŸ¤,baby_chick
ğŸ£,hatched_chick
ğŸ”,chicken
ğŸ§,penguin
ğŸ¢,turtle
ğŸ›,bug
ğŸ,honeybee
ğŸœ,ant
ğŸ,beetle
ğŸŒ,snail
ğŸ™,octopus
ğŸ ,tropical_fish
ğŸŸ,fish
ğŸ‹,whale
ğŸ¬,dolphin
ğŸ’,gift_heart
ğŸ,dolls
ğŸ’,school_satchel
ğŸ“,mortar_board
â›³,flags
ğŸ†,fireworks
âœ¨,sparkler
ğŸ,wind_chime
ğŸƒ,jack_o_lantern
ğŸ‘»,ghost
ğŸ…,santa
ğŸ„,christmas_tree
ğŸ,gift
ğŸ””,bell
ğŸ”•,no_bell
ğŸ‹,tanabata_tree
ğŸ‰,tada
ğŸŠ,confetti_ball
ğŸˆ,balloon
ğŸ”®,crystal_ball
ğŸ’¿,cd
ğŸ“€,dvd
ğŸ’¾,floppy_disk
ğŸ“·,camera
ğŸ“¹,video_camera
ğŸ¥,movie_camera
ğŸ–¥ï¸,computer
ğŸ“º,tv
ğŸ“±,phone
â˜ï¸,telephone
ğŸ“,telephone_receiver
ğŸ“Ÿ,pager
ğŸ“ ,fax
ğŸ’½,minidisc
ğŸ“¼,vhs
ğŸ ,house
ğŸ¡,house_with_garden
ğŸ«,school
ğŸ¢,office
ğŸ¤,post_office
ğŸ¥,hospital
ğŸ¦,bank
ğŸª,convenience_store
ğŸ¨,hotel
ğŸ’’,wedding
â›ª,church
ğŸ¬,department_store
â›º,tent
ğŸ­,factory
ğŸ—¼,tokyo_tower
ğŸ—¾,japan
ğŸ—»,mount_fuji
ğŸŒ„,sunrise_over_mountains
ğŸŒ…,sunrise
ğŸ—½,statue_of_liberty
ğŸŒ‰,bridge_at_night
ğŸ ,carousel_horse
ğŸŒˆ,rainbow
ğŸ¡,ferris_wheel
â›²,fountain
ğŸ¢,roller_coaster
ğŸš¢,ship
ğŸš¤,speedboat
ğŸ›¥ï¸,boat
â›µ,sailboat
ğŸ”¥,fire